{
  "Glucose": {
    "min": 0.0109939277897717,
    "max": 0.9684602088259044,
    "mean": 0.3628277316682291
  },
  "Cholesterol": {
    "min": 0.0121393863118908,
    "max": 0.9050264233180664,
    "mean": 0.39364811816432765
  },
  "Hemoglobin": {
    "min": 0.0030213467042421,
    "max": 0.9833057855154954,
    "mean": 0.5861895365651373
  },
  "Platelets": {
    "min": 0.0125937870016239,
    "max": 0.9993931296439498,
    "mean": 0.5040269814005245
  },
  "White Blood Cells": {
    "min": 0.0101385075755087,
    "max": 0.9907857025235276,
    "mean": 0.5110861761420921
  },
  "Red Blood Cells": {
    "min": 0.0445650783307836,
    "max": 1.0,
    "mean": 0.5065896644552079
  },
  "Hematocrit": {
    "min": 0.0117717230612783,
    "max": 0.977520303827566,
    "mean": 0.5071523494313831
  },
  "Mean Corpuscular Volume": {
    "min": 0.04694152724878,
    "max": 0.9952629486802982,
    "mean": 0.49220045796815703
  },
  "Mean Corpuscular Hemoglobin": {
    "min": 0.0005536265930272,
    "max": 0.9632347734781704,
    "mean": 0.48445894178202953
  },
  "Mean Corpuscular Hemoglobin Concentration": {
    "min": 0.0069469778792576,
    "max": 0.9755856631621392,
    "mean": 0.5622733616558144
  },
  "Insulin": {
    "min": 0.0341291220877673,
    "max": 0.9667836244095532,
    "mean": 0.4470624456176806
  },
  "BMI": {
    "min": 0.0145956079949449,
    "max": 0.8982099499133787,
    "mean": 0.4366791095747613
  },
  "Systolic Blood Pressure": {
    "min": 0.0059882624140756,
    "max": 0.8290996337563303,
    "mean": 0.3812113590718513
  },
  "Diastolic Blood Pressure": {
    "min": 0.0055786481969444,
    "max": 0.9346174810522196,
    "mean": 0.4217084533201888
  },
  "Triglycerides": {
    "min": 0.0052169201488685,
    "max": 0.9736794050378186,
    "mean": 0.37437285766550366
  },
  "HbA1c": {
    "min": 0.0162556404081311,
    "max": 0.950218109695069,
    "mean": 0.43911183392387076
  },
  "LDL Cholesterol": {
    "min": 0.0330373137861301,
    "max": 0.9838264762638108,
    "mean": 0.42177713455323096
  },
  "HDL Cholesterol": {
    "min": 0.0395053108189937,
    "max": 0.9894112936283506,
    "mean": 0.5460788391844775
  },
  "ALT": {
    "min": 0.0071863049879385,
    "max": 0.9425487895579808,
    "mean": 0.43497203897936276
  },
  "AST": {
    "min": 0.0130125457357724,
    "max": 0.9944599515647744,
    "mean": 0.45213847175641814
  },
  "Heart Rate": {
    "min": 0.1145503476095151,
    "max": 0.9968728058239492,
    "mean": 0.5822551373341254
  },
  "Creatinine": {
    "min": 0.0212394153979416,
    "max": 0.9259242620722576,
    "mean": 0.4250745566019084
  },
  "Troponin": {
    "min": 0.0074902146453679,
    "max": 0.9728027683219472,
    "mean": 0.4545971472637127
  },
  "C-reactive Protein": {
    "min": 0.0048673223029262,
    "max": 0.7979058717794227,
    "mean": 0.4303077941017819
  }
}